order_id,order_date,customer_id,product_id,quantity_kg,unit_price,delivery_date,status
O000001,2023-01-01,C001,P004,23000,1.31,2023-01-22,completed
O000002,2023-01-01,C009,P001,12100,1.31,2023-01-17,pending
O000003,2023-01-01,C010,P003,7600,1.59,2023-01-14,delivered
O000004,2023-01-02,C012,P004,4500,1.32,2023-01-10,delivered
O000005,2023-01-03,C014,P002,2800,1.39,2023-01-13,delivered
O000006,2023-01-04,C016,P003,2100,1.64,2023-01-18,cancelled
O000007,2023-01-06,C002,P003,22600,1.42,2023-01-16,completed
O000008,2023-01-07,C003,P002,27200,1.36,2023-02-04,completed
O000009,2023-01-07,C004,P001,27100,1.12,2023-01-21,completed
O000010,2023-01-07,C005,P002,9500,1.44,2023-01-31,completed
O000011,2023-01-07,C008,P003,9300,1.48,2023-01-23,completed
O000012,2023-01-09,C005,P001,10300,1.32,2023-01-23,delivered
O000013,2023-01-09,C008,P005,9300,1.83,2023-02-08,pending
O000014,2023-01-09,C015,P005,2400,2.03,2023-01-31,delivered
O000015,2023-01-10,C001,P005,20500,1.83,2023-02-03,completed
O000016,2023-01-12,C004,P001,44400,1.17,2023-01-19,delivered
O000017,2023-01-13,C003,P003,19100,1.54,2023-02-04,completed
O000018,2023-01-13,C009,P003,12400,1.67,2023-02-11,completed
O000019,2023-01-14,C002,P005,18300,1.79,2023-02-05,completed
O000020,2023-01-14,C002,P003,25300,1.58,2023-01-30,completed
O000021,2023-01-14,C007,P004,15700,1.39,2023-01-23,completed
O000022,2023-01-15,C008,P002,9900,1.48,2023-01-28,delivered
O000023,2023-01-15,C012,P004,4100,1.46,2023-01-23,completed
O000024,2023-01-18,C010,P002,13600,1.56,2023-02-05,completed
O000025,2023-01-19,C001,P002,40200,1.53,2023-02-18,completed
O000026,2023-01-19,C003,P003,23700,1.67,2023-01-30,delivered
O000027,2023-01-19,C005,P004,18800,1.43,2023-01-28,delivered
O000028,2023-01-19,C018,P002,3600,1.52,2023-01-27,completed
O000029,2023-01-20,C003,P002,18300,1.45,2023-02-09,pending
O000030,2023-01-20,C009,P003,8400,1.68,2023-02-06,completed
O000031,2023-01-21,C001,P004,41500,1.48,2023-02-03,cancelled
O000032,2023-01-21,C002,P002,34300,1.41,2023-02-18,completed
O000033,2023-01-21,C004,P001,31100,1.38,2023-02-19,delivered
O000034,2023-01-22,C009,P001,9100,1.39,2023-02-20,completed
O000035,2023-01-25,C001,P004,40900,1.4,2023-02-22,completed
O000036,2023-01-25,C002,P002,25000,1.44,2023-02-16,delivered
O000037,2023-01-25,C003,P003,25100,1.59,2023-02-02,pending
O000038,2023-01-25,C004,P002,33700,1.47,2023-02-15,completed
O000039,2023-01-25,C013,P001,3300,1.5,2023-02-22,completed
O000040,2023-01-28,C010,P001,12900,1.44,2023-02-21,delivered
O000041,2023-01-28,C011,P002,9800,1.56,2023-02-11,delivered
O000042,2023-01-31,C001,P001,30900,1.36,2023-02-14,completed
O000043,2023-01-31,C008,P003,4400,1.65,2023-02-12,completed
O000044,2023-01-31,C010,P005,9500,1.99,2023-02-16,completed
O000045,2023-02-01,C001,P001,26600,1.27,2023-03-03,completed
O000046,2023-02-01,C004,P004,35600,1.49,2023-02-21,delivered
O000047,2023-02-01,C006,P003,7400,1.66,2023-03-02,delivered
O000048,2023-02-02,C005,P002,13100,1.51,2023-03-01,completed
O000049,2023-02-02,C006,P003,5700,1.62,2023-02-25,delivered
O000050,2023-02-03,C002,P001,28100,1.33,2023-02-23,completed
O000051,2023-02-03,C016,P003,3000,1.82,2023-02-13,completed
O000052,2023-02-04,C010,P003,8000,1.69,2023-02-19,completed
O000053,2023-02-07,C009,P001,7600,1.38,2023-03-01,delivered
O000054,2023-02-08,C001,P002,28600,1.45,2023-02-15,completed
O000055,2023-02-09,C003,P002,22900,1.5,2023-02-28,completed
O000056,2023-02-09,C004,P002,33900,1.43,2023-03-04,completed
O000057,2023-02-10,C002,P002,29800,1.5,2023-03-12,delivered
O000058,2023-02-10,C003,P005,19000,1.82,2023-03-03,delivered
O000059,2023-02-10,C007,P004,11900,1.42,2023-02-28,delivered
O000060,2023-02-11,C008,P003,7800,1.58,2023-02-26,completed
O000061,2023-02-12,C004,P001,37100,1.37,2023-03-02,completed
O000062,2023-02-13,C012,P004,2400,1.51,2023-03-05,delivered
O000063,2023-02-14,C006,P001,9900,1.36,2023-03-03,delivered
O000064,2023-02-14,C007,P001,13700,1.39,2023-03-03,completed
O000065,2023-02-14,C008,P003,7100,1.73,2023-03-11,completed
O000066,2023-02-15,C002,P003,27300,1.68,2023-03-14,delivered
O000067,2023-02-17,C001,P004,38400,1.44,2023-03-17,delivered
O000068,2023-02-17,C005,P004,14300,1.54,2023-03-19,completed
O000069,2023-02-18,C002,P003,27000,1.75,2023-03-03,completed
O000070,2023-02-18,C014,P005,2400,2.06,2023-03-09,completed
O000071,2023-02-19,C004,P005,21000,1.85,2023-03-06,completed
O000072,2023-02-20,C001,P004,28000,1.45,2023-03-16,completed
O000073,2023-02-20,C016,P005,2000,2.07,2023-03-12,completed
O000074,2023-02-21,C003,P002,28100,1.59,2023-03-08,completed
O000075,2023-02-21,C008,P005,4000,1.9,2023-03-14,completed
O000076,2023-02-21,C012,P004,3500,1.55,2023-03-21,completed
O000077,2023-02-21,C014,P004,3500,1.57,2023-03-02,pending
O000078,2023-02-22,C001,P004,32300,1.45,2023-03-21,completed
O000079,2023-02-22,C006,P002,12600,1.63,2023-03-08,delivered
O000080,2023-02-24,C002,P001,35500,1.38,2023-03-15,completed
O000081,2023-02-25,C005,P001,8300,1.35,2023-03-17,completed
O000082,2023-02-25,C007,P002,13600,1.58,2023-03-12,delivered
O000083,2023-02-26,C010,P002,14600,1.65,2023-03-10,delivered
O000084,2023-02-27,C003,P005,17900,1.93,2023-03-10,completed
O000085,2023-02-27,C005,P001,16600,1.54,2023-03-29,completed
O000086,2023-02-27,C006,P001,13600,1.47,2023-03-16,completed
O000087,2023-02-27,C007,P004,16700,1.47,2023-03-14,completed
O000088,2023-02-28,C018,P001,3500,1.56,2023-03-17,completed
O000089,2023-03-01,C004,P001,26100,1.46,2023-03-15,delivered
O000090,2023-03-01,C008,P003,8200,1.7,2023-03-18,completed
O000091,2023-03-02,C001,P004,35800,1.48,2023-03-13,delivered
O000092,2023-03-02,C017,P004,3200,1.54,2023-03-31,delivered
O000093,2023-03-03,C008,P001,12300,1.4,2023-03-17,completed
O000094,2023-03-03,C009,P001,13100,1.42,2023-03-27,completed
O000095,2023-03-05,C010,P002,8800,1.47,2023-04-04,completed
O000096,2023-03-05,C011,P005,6900,1.92,2023-03-21,completed
O000097,2023-03-05,C016,P003,2700,1.81,2023-04-02,completed
O000098,2023-03-06,C004,P003,22600,1.67,2023-03-28,completed
O000099,2023-03-07,C011,P002,11900,1.53,2023-03-24,completed
O000100,2023-03-08,C003,P003,24100,1.62,2023-04-06,completed
O000101,2023-03-10,C001,P004,36100,1.35,2023-03-27,delivered
O000102,2023-03-11,C001,P004,37400,1.41,2023-03-31,completed
O000103,2023-03-11,C002,P004,34300,1.44,2023-04-09,completed
O000104,2023-03-11,C004,P004,39700,1.4,2023-03-26,completed
O000105,2023-03-11,C009,P005,8400,1.96,2023-03-29,delivered
O000106,2023-03-12,C002,P004,45000,1.5,2023-04-08,delivered
O000107,2023-03-12,C006,P002,9700,1.68,2023-04-09,completed
O000108,2023-03-12,C018,P005,3400,2.04,2023-03-20,cancelled
O000109,2023-03-13,C001,P004,47700,1.5,2023-03-22,delivered
O000110,2023-03-13,C009,P002,16700,1.56,2023-04-07,delivered
O000111,2023-03-13,C017,P004,2800,1.59,2023-04-07,pending
O000112,2023-03-14,C004,P001,45900,1.48,2023-04-09,cancelled
O000113,2023-03-14,C011,P002,14300,1.52,2023-04-06,delivered
O000114,2023-03-15,C001,P004,21900,1.59,2023-04-04,cancelled
O000115,2023-03-17,C008,P003,6400,1.76,2023-04-04,completed
O000116,2023-03-17,C016,P003,1500,1.9,2023-04-10,completed
O000117,2023-03-18,C008,P002,9800,1.59,2023-03-29,completed
O000118,2023-03-20,C014,P003,2200,1.87,2023-04-19,completed
O000119,2023-03-21,C001,P004,34300,1.43,2023-04-06,completed
O000120,2023-03-22,C005,P002,7100,1.59,2023-04-05,delivered
O000121,2023-03-22,C005,P001,8200,1.42,2023-04-06,delivered
O000122,2023-03-22,C007,P004,15100,1.57,2023-03-29,completed
O000123,2023-03-23,C001,P004,35100,1.39,2023-04-21,pending
O000124,2023-03-23,C017,P005,2100,2.08,2023-04-13,delivered
O000125,2023-03-24,C009,P001,18700,1.43,2023-04-17,completed
O000126,2023-03-25,C002,P004,41200,1.4,2023-04-20,delivered
O000127,2023-03-25,C004,P002,29900,1.49,2023-04-17,completed
O000128,2023-03-25,C006,P002,10500,1.52,2023-04-20,completed
O000129,2023-03-27,C001,P002,43800,1.46,2023-04-04,cancelled
O000130,2023-03-27,C003,P003,20600,1.66,2023-04-07,completed
O000131,2023-03-27,C009,P001,14600,1.51,2023-04-20,completed
O000132,2023-03-28,C017,P004,2700,1.55,2023-04-16,delivered
O000133,2023-03-29,C004,P001,28600,1.5,2023-04-11,completed
O000134,2023-03-29,C005,P004,11300,1.59,2023-04-21,completed
O000135,2023-03-29,C006,P001,8600,1.42,2023-04-08,delivered
O000136,2023-03-31,C002,P004,53000,1.38,2023-04-20,delivered
O000137,2023-03-31,C012,P004,3200,1.59,2023-04-30,pending
O000138,2023-03-31,C014,P002,2400,1.7,2023-04-29,completed
O000139,2023-04-03,C004,P003,27000,1.59,2023-04-13,completed
O000140,2023-04-03,C010,P003,6700,1.6,2023-04-23,completed
O000141,2023-04-04,C001,P002,23900,1.41,2023-04-16,completed
O000142,2023-04-04,C005,P004,12500,1.5,2023-04-24,completed
O000143,2023-04-04,C007,P004,16100,1.48,2023-04-17,completed
O000144,2023-04-04,C008,P003,7300,1.65,2023-04-20,delivered
O000145,2023-04-05,C004,P002,29900,1.45,2023-04-16,completed
O000146,2023-04-05,C018,P001,2500,1.4,2023-05-01,delivered
O000147,2023-04-06,C015,P002,2100,1.59,2023-04-22,completed
O000148,2023-04-08,C001,P004,34400,1.37,2023-05-03,pending
O000149,2023-04-08,C002,P002,26700,1.43,2023-04-18,delivered
O000150,2023-04-08,C009,P001,11400,1.35,2023-04-28,delivered
O000151,2023-04-09,C002,P004,46000,1.41,2023-04-21,completed
O000152,2023-04-09,C008,P005,5500,1.81,2023-05-06,pending
O000153,2023-04-09,C012,P002,2200,1.52,2023-05-07,completed
O000154,2023-04-10,C003,P003,21200,1.58,2023-04-17,completed
O000155,2023-04-10,C004,P001,35100,1.36,2023-04-19,delivered
O000156,2023-04-10,C006,P002,12000,1.59,2023-04-27,completed
O000157,2023-04-11,C005,P002,8700,1.47,2023-05-10,completed
O000158,2023-04-11,C010,P003,8800,1.61,2023-05-10,delivered
O000159,2023-04-11,C014,P002,4500,1.53,2023-04-26,completed
O000160,2023-04-12,C002,P002,33100,1.45,2023-04-23,delivered
O000161,2023-04-12,C003,P003,27400,1.59,2023-04-20,completed
O000162,2023-04-12,C009,P003,11200,1.6,2023-05-01,completed
O000163,2023-04-14,C004,P001,41300,1.34,2023-04-29,completed
O000164,2023-04-14,C006,P005,8600,1.87,2023-04-27,completed
O000165,2023-04-15,C007,P003,10800,1.7,2023-05-02,completed
O000166,2023-04-15,C015,P004,5600,1.58,2023-05-10,completed
O000167,2023-04-16,C001,P001,32200,1.37,2023-04-30,completed
O000168,2023-04-17,C001,P004,31100,1.43,2023-04-28,delivered
O000169,2023-04-18,C002,P001,34500,1.39,2023-04-29,completed
O000170,2023-04-19,C004,P004,35800,1.44,2023-05-12,delivered
O000171,2023-04-19,C009,P004,15100,1.51,2023-04-29,completed
O000172,2023-04-19,C010,P005,4600,1.91,2023-05-11,delivered
O000173,2023-04-19,C017,P001,5600,1.47,2023-05-05,delivered
O000174,2023-04-20,C011,P002,7700,1.61,2023-04-27,completed
O000175,2023-04-21,C007,P004,14500,1.48,2023-05-10,pending
O000176,2023-04-22,C003,P002,30500,1.45,2023-05-19,delivered
O000177,2023-04-22,C014,P001,2500,1.53,2023-05-10,delivered
O000178,2023-04-23,C007,P004,8600,1.46,2023-05-22,completed
O000179,2023-04-23,C010,P003,5800,1.6,2023-05-20,delivered
O000180,2023-04-24,C007,P003,6100,1.75,2023-05-16,completed
O000181,2023-04-25,C009,P005,9700,2.04,2023-05-02,completed
O000182,2023-04-25,C018,P001,4400,1.42,2023-05-07,completed
O000183,2023-04-26,C001,P004,35100,1.41,2023-05-12,completed
O000184,2023-04-27,C001,P002,25000,1.54,2023-05-17,completed
O000185,2023-04-27,C002,P002,28700,1.53,2023-05-13,delivered
O000186,2023-04-27,C004,P004,24800,1.4,2023-05-15,completed
O000187,2023-04-27,C006,P002,5200,1.61,2023-05-09,completed
O000188,2023-04-29,C016,P005,1500,1.98,2023-05-15,delivered
O000189,2023-04-30,C004,P002,25700,1.59,2023-05-21,completed
O000190,2023-04-30,C006,P001,10100,1.52,2023-05-23,completed
O000191,2023-05-02,C003,P004,27700,1.46,2023-05-15,completed
O000192,2023-05-02,C008,P002,12600,1.62,2023-05-30,completed
O000193,2023-05-03,C001,P003,17200,1.75,2023-05-16,completed
O000194,2023-05-03,C009,P004,12900,1.48,2023-06-01,delivered
O000195,2023-05-04,C005,P003,8400,1.8,2023-05-14,completed
O000196,2023-05-04,C006,P001,11300,1.44,2023-05-25,delivered
O000197,2023-05-04,C014,P002,4100,1.6,2023-06-03,delivered
O000198,2023-05-06,C002,P003,31500,1.72,2023-05-27,completed
O000199,2023-05-06,C010,P003,6000,1.66,2023-06-01,delivered
O000200,2023-05-06,C012,P001,4400,1.59,2023-05-19,delivered
O000201,2023-05-06,C017,P004,4800,1.57,2023-05-20,delivered
O000202,2023-05-08,C002,P005,31300,1.87,2023-06-02,completed
O000203,2023-05-09,C001,P004,33900,1.34,2023-05-26,completed
O000204,2023-05-09,C005,P003,9200,1.67,2023-05-18,completed
O000205,2023-05-10,C007,P004,13900,1.47,2023-06-09,pending
O000206,2023-05-10,C014,P003,2200,1.68,2023-05-31,completed
O000207,2023-05-13,C017,P004,2900,1.51,2023-06-08,cancelled
O000208,2023-05-14,C008,P002,6700,1.57,2023-06-03,completed
O000209,2023-05-15,C005,P002,11500,1.64,2023-05-25,completed
O000210,2023-05-16,C001,P002,17900,1.53,2023-05-31,completed
O000211,2023-05-16,C002,P001,37600,1.35,2023-05-26,delivered
O000212,2023-05-16,C016,P005,1700,2.08,2023-06-03,pending
O000213,2023-05-17,C008,P005,9100,1.95,2023-05-28,delivered
O000214,2023-05-18,C003,P003,20100,1.59,2023-06-02,delivered
O000215,2023-05-18,C003,P005,18900,2.01,2023-05-25,completed
O000216,2023-05-18,C004,P001,33200,1.33,2023-05-30,delivered
O000217,2023-05-19,C014,P001,1600,1.44,2023-06-01,completed
O000218,2023-05-19,C015,P005,1700,2.09,2023-06-18,completed
O000219,2023-05-20,C006,P002,10400,1.58,2023-06-05,delivered
O000220,2023-05-20,C009,P003,8800,1.74,2023-06-10,delivered
O000221,2023-05-21,C011,P005,9500,2.05,2023-06-08,completed
O000222,2023-05-22,C008,P003,8400,1.76,2023-06-04,completed
O000223,2023-05-23,C002,P002,32000,1.48,2023-06-21,cancelled
O000224,2023-05-23,C006,P002,9600,1.59,2023-06-19,completed
O000225,2023-05-24,C004,P005,26400,1.94,2023-06-11,completed
O000226,2023-05-24,C007,P004,9400,1.55,2023-06-08,delivered
O000227,2023-05-24,C009,P002,13300,1.55,2023-06-12,pending
O000228,2023-05-25,C001,P002,20900,1.57,2023-06-14,delivered
O000229,2023-05-25,C010,P005,7300,1.96,2023-06-04,completed
O000230,2023-05-25,C013,P005,3300,2.0,2023-06-04,completed
O000231,2023-05-26,C004,P003,29200,1.61,2023-06-16,delivered
O000232,2023-05-27,C003,P002,30800,1.47,2023-06-20,completed
O000233,2023-05-28,C001,P004,28800,1.46,2023-06-27,completed
O000234,2023-05-28,C011,P004,8600,1.36,2023-06-22,delivered
O000235,2023-05-29,C008,P005,5900,2.03,2023-06-26,completed
O000236,2023-05-30,C003,P003,22900,1.63,2023-06-13,delivered
O000237,2023-05-30,C009,P003,15300,1.7,2023-06-18,delivered
O000238,2023-05-31,C003,P005,17100,1.95,2023-06-29,completed
O000239,2023-05-31,C013,P005,2700,2.22,2023-06-18,completed
O000240,2023-05-31,C014,P004,4300,1.53,2023-06-13,completed
O000241,2023-06-01,C001,P002,25700,1.54,2023-06-28,completed
O000242,2023-06-01,C004,P001,25200,1.33,2023-06-25,cancelled
O000243,2023-06-02,C002,P002,37900,1.56,2023-06-21,completed
O000244,2023-06-02,C006,P001,10800,1.48,2023-06-14,completed
O000245,2023-06-02,C010,P003,9400,1.72,2023-06-24,delivered
O000246,2023-06-03,C008,P005,5900,1.97,2023-06-30,completed
O000247,2023-06-04,C002,P002,27100,1.51,2023-06-13,completed
O000248,2023-06-05,C007,P003,8300,1.68,2023-06-20,completed
O000249,2023-06-07,C006,P002,11400,1.55,2023-06-15,completed
O000250,2023-06-07,C010,P004,7900,1.41,2023-06-19,completed
O000251,2023-06-07,C014,P002,3200,1.72,2023-07-03,delivered
O000252,2023-06-08,C003,P005,19400,1.92,2023-06-30,completed
O000253,2023-06-09,C001,P004,29600,1.4,2023-07-04,delivered
O000254,2023-06-09,C005,P002,9000,1.58,2023-07-04,delivered
O000255,2023-06-10,C011,P001,12300,1.39,2023-07-09,completed
O000256,2023-06-12,C011,P002,10500,1.59,2023-06-29,completed
O000257,2023-06-13,C004,P002,39300,1.52,2023-06-25,completed
O000258,2023-06-13,C004,P001,32300,1.32,2023-07-04,completed
O000259,2023-06-13,C006,P005,8800,2.02,2023-06-25,delivered
O000260,2023-06-13,C016,P003,1900,1.82,2023-07-07,completed
O000261,2023-06-14,C002,P002,27500,1.52,2023-07-01,pending
O000262,2023-06-14,C003,P003,31000,1.76,2023-07-05,completed
O000263,2023-06-15,C001,P004,37000,1.51,2023-07-01,completed
O000264,2023-06-15,C009,P001,10200,1.35,2023-07-10,delivered
O000265,2023-06-15,C010,P002,10200,1.63,2023-07-05,completed
O000266,2023-06-15,C017,P004,5100,1.64,2023-07-02,delivered
O000267,2023-06-16,C018,P002,5600,1.52,2023-07-16,delivered
O000268,2023-06-18,C008,P003,7800,1.73,2023-07-10,cancelled
O000269,2023-06-18,C015,P001,2600,1.47,2023-07-02,completed
O000270,2023-06-19,C011,P001,12300,1.36,2023-07-09,completed
O000271,2023-06-20,C001,P004,26200,1.41,2023-06-30,completed
O000272,2023-06-20,C010,P003,5400,1.84,2023-06-27,delivered
O000273,2023-06-20,C012,P004,4200,1.53,2023-07-04,completed
O000274,2023-06-21,C007,P004,13800,1.43,2023-06-29,completed
O000275,2023-06-23,C002,P001,26200,1.34,2023-07-14,delivered
O000276,2023-06-23,C003,P003,18600,1.57,2023-07-20,completed
O000277,2023-06-23,C004,P002,37000,1.53,2023-07-13,completed
O000278,2023-06-23,C005,P004,9100,1.53,2023-07-13,completed
O000279,2023-06-23,C007,P004,12900,1.5,2023-07-12,completed
O000280,2023-06-23,C010,P002,6500,1.46,2023-07-08,delivered
O000281,2023-06-25,C012,P001,3300,1.62,2023-07-17,completed
O000282,2023-06-26,C004,P005,23400,1.91,2023-07-24,completed
O000283,2023-06-26,C007,P003,7000,1.69,2023-07-05,delivered
O000284,2023-06-26,C011,P001,10600,1.38,2023-07-14,completed
O000285,2023-06-26,C017,P001,3100,1.55,2023-07-25,delivered
O000286,2023-06-27,C003,P003,24200,1.71,2023-07-25,completed
O000287,2023-06-27,C014,P004,3500,1.55,2023-07-15,completed
O000288,2023-06-27,C018,P003,3700,1.69,2023-07-22,completed
O000289,2023-06-28,C002,P004,31200,1.45,2023-07-15,delivered
O000290,2023-06-29,C006,P003,9700,1.7,2023-07-15,cancelled
O000291,2023-06-30,C001,P004,38500,1.42,2023-07-28,delivered
O000292,2023-06-30,C004,P005,23900,1.82,2023-07-14,pending
O000293,2023-07-02,C002,P005,27300,1.79,2023-07-30,completed
O000294,2023-07-02,C003,P002,26000,1.48,2023-07-23,completed
O000295,2023-07-02,C012,P002,3300,1.53,2023-07-20,delivered
O000296,2023-07-06,C004,P002,31700,1.46,2023-07-26,completed
O000297,2023-07-06,C007,P002,7200,1.58,2023-08-05,cancelled
O000298,2023-07-06,C008,P002,8400,1.42,2023-07-19,completed
O000299,2023-07-07,C001,P004,32900,1.37,2023-07-24,delivered
O000300,2023-07-07,C010,P003,8300,1.69,2023-08-03,completed
O000301,2023-07-08,C009,P003,10700,1.73,2023-07-22,delivered
O000302,2023-07-08,C017,P002,1900,1.66,2023-08-04,completed
O000303,2023-07-09,C009,P001,9000,1.48,2023-08-02,completed
O000304,2023-07-10,C010,P002,9800,1.47,2023-08-04,completed
O000305,2023-07-11,C003,P002,22000,1.49,2023-08-09,completed
O000306,2023-07-12,C001,P001,30000,1.42,2023-08-08,delivered
O000307,2023-07-13,C008,P001,8500,1.36,2023-08-02,cancelled
O000308,2023-07-13,C014,P002,2700,1.63,2023-08-11,completed
O000309,2023-07-14,C004,P002,36800,1.52,2023-08-05,delivered
O000310,2023-07-14,C005,P001,7000,1.47,2023-08-09,completed
O000311,2023-07-15,C002,P003,22600,1.55,2023-07-24,pending
O000312,2023-07-17,C003,P001,40600,1.42,2023-08-05,completed
O000313,2023-07-18,C014,P004,2000,1.62,2023-07-28,completed
O000314,2023-07-19,C002,P002,29300,1.53,2023-08-05,delivered
O000315,2023-07-20,C010,P003,6200,1.82,2023-08-05,delivered
O000316,2023-07-22,C001,P005,14300,1.82,2023-08-05,delivered
O000317,2023-07-22,C002,P001,31400,1.31,2023-08-21,completed
O000318,2023-07-22,C004,P002,20500,1.43,2023-08-19,completed
O000319,2023-07-22,C004,P001,30000,1.43,2023-08-09,delivered
O000320,2023-07-22,C007,P004,9900,1.56,2023-08-08,completed
O000321,2023-07-23,C002,P001,22400,1.41,2023-07-30,completed
O000322,2023-07-23,C006,P001,13600,1.25,2023-08-18,delivered
O000323,2023-07-23,C013,P003,2100,1.58,2023-07-30,completed
O000324,2023-07-25,C009,P004,13600,1.42,2023-08-13,delivered
O000325,2023-07-26,C002,P003,25900,1.64,2023-08-23,completed
O000326,2023-07-26,C004,P002,31100,1.52,2023-08-18,completed
O000327,2023-07-26,C008,P002,11200,1.54,2023-08-13,completed
O000328,2023-07-27,C004,P001,23200,1.47,2023-08-23,cancelled
O000329,2023-07-27,C011,P002,10400,1.6,2023-08-12,delivered
O000330,2023-07-28,C007,P001,6900,1.5,2023-08-16,completed
O000331,2023-07-29,C001,P004,32100,1.46,2023-08-09,delivered
O000332,2023-07-29,C003,P002,20100,1.47,2023-08-23,delivered
O000333,2023-07-30,C001,P004,33000,1.46,2023-08-15,delivered
O000334,2023-07-30,C003,P005,27600,1.89,2023-08-29,delivered
O000335,2023-07-30,C006,P002,11100,1.55,2023-08-10,completed
O000336,2023-08-01,C002,P003,33200,1.75,2023-08-16,delivered
O000337,2023-08-02,C002,P004,31100,1.49,2023-08-28,completed
O000338,2023-08-02,C005,P003,12300,1.71,2023-08-12,pending
O000339,2023-08-02,C014,P003,2600,1.76,2023-08-20,completed
O000340,2023-08-02,C017,P004,1700,1.54,2023-08-21,completed
O000341,2023-08-03,C007,P005,6400,2.1,2023-08-22,completed
O000342,2023-08-04,C005,P004,9000,1.44,2023-08-12,completed
O000343,2023-08-05,C007,P004,14700,1.41,2023-08-30,completed
O000344,2023-08-06,C001,P004,32200,1.44,2023-08-24,completed
O000345,2023-08-06,C005,P001,8000,1.32,2023-08-28,pending
O000346,2023-08-06,C007,P002,10000,1.62,2023-08-25,delivered
O000347,2023-08-06,C008,P002,8300,1.53,2023-08-25,completed
O000348,2023-08-07,C003,P004,29400,1.46,2023-08-18,completed
O000349,2023-08-09,C004,P002,22400,1.55,2023-08-19,completed
O000350,2023-08-09,C014,P002,1500,1.67,2023-09-06,completed
O000351,2023-08-10,C002,P002,26200,1.47,2023-08-28,completed
O000352,2023-08-11,C013,P001,3200,1.57,2023-09-08,completed
O000353,2023-08-11,C015,P005,2500,2.14,2023-08-30,completed
O000354,2023-08-11,C017,P004,3000,1.72,2023-08-21,completed
O000355,2023-08-13,C007,P004,11300,1.47,2023-09-09,completed
O000356,2023-08-14,C010,P005,5600,2.0,2023-09-10,completed
O000357,2023-08-15,C014,P002,2400,1.66,2023-09-02,delivered
O000358,2023-08-16,C003,P002,24000,1.43,2023-09-02,delivered
O000359,2023-08-16,C009,P005,8800,1.98,2023-09-10,delivered
O000360,2023-08-17,C010,P003,5000,1.67,2023-09-10,completed
O000361,2023-08-18,C002,P002,33100,1.54,2023-08-29,completed
O000362,2023-08-19,C001,P003,16600,1.67,2023-09-07,delivered
O000363,2023-08-19,C004,P002,39300,1.54,2023-08-29,pending
O000364,2023-08-20,C004,P002,39100,1.58,2023-09-12,completed
O000365,2023-08-20,C007,P001,12900,1.57,2023-09-16,cancelled
O000366,2023-08-20,C010,P003,8300,1.75,2023-09-01,completed
O000367,2023-08-20,C018,P002,3600,1.67,2023-09-18,delivered
O000368,2023-08-24,C001,P004,27500,1.52,2023-09-15,completed
O000369,2023-08-24,C002,P003,19000,1.69,2023-09-08,completed
O000370,2023-08-24,C008,P003,12200,1.67,2023-09-04,completed
O000371,2023-08-24,C009,P005,8600,2.13,2023-09-17,delivered
O000372,2023-08-24,C014,P003,3800,1.86,2023-09-03,completed
O000373,2023-08-24,C016,P003,2200,1.89,2023-09-21,delivered
O000374,2023-08-25,C001,P002,19800,1.5,2023-09-09,completed
O000375,2023-08-26,C003,P003,27100,1.67,2023-09-17,cancelled
O000376,2023-08-26,C003,P003,28500,1.75,2023-09-09,cancelled
O000377,2023-08-27,C018,P003,4700,2.06,2023-09-12,completed
O000378,2023-08-28,C001,P004,29500,1.47,2023-09-24,completed
O000379,2023-08-28,C002,P003,21800,1.77,2023-09-08,delivered
O000380,2023-08-29,C010,P005,8800,1.86,2023-09-23,completed
O000381,2023-08-29,C013,P004,2600,1.66,2023-09-14,completed
O000382,2023-08-31,C004,P001,32100,1.36,2023-09-15,delivered
O000383,2023-08-31,C004,P005,27500,1.96,2023-09-11,delivered
O000384,2023-08-31,C007,P001,9000,1.43,2023-09-20,completed
O000385,2023-09-01,C005,P005,6700,2.05,2023-09-15,completed
O000386,2023-09-02,C003,P002,22900,1.57,2023-09-23,completed
O000387,2023-09-02,C006,P004,14500,1.63,2023-10-02,completed
O000388,2023-09-02,C008,P005,10100,2.16,2023-09-28,delivered
O000389,2023-09-03,C015,P003,1700,1.88,2023-10-02,delivered
O000390,2023-09-04,C003,P003,22200,1.73,2023-09-30,completed
O000391,2023-09-05,C002,P005,20800,1.96,2023-10-03,cancelled
O000392,2023-09-05,C009,P003,7500,1.8,2023-10-01,delivered
O000393,2023-09-05,C010,P003,11300,1.88,2023-09-14,pending
O000394,2023-09-05,C018,P003,3300,1.87,2023-09-17,completed
O000395,2023-09-06,C011,P002,10200,1.66,2023-09-17,delivered
O000396,2023-09-06,C013,P004,2800,1.69,2023-09-27,completed
O000397,2023-09-07,C004,P001,27600,1.47,2023-10-03,delivered
O000398,2023-09-07,C007,P004,11400,1.58,2023-09-14,cancelled
O000399,2023-09-07,C008,P005,8000,2.18,2023-10-04,completed
O000400,2023-09-09,C001,P004,51000,1.61,2023-10-08,delivered
O000401,2023-09-09,C004,P001,26100,1.53,2023-09-24,completed
O000402,2023-09-09,C005,P001,10100,1.48,2023-09-20,completed
O000403,2023-09-11,C002,P005,23300,1.96,2023-10-04,completed
O000404,2023-09-12,C011,P002,7100,1.55,2023-10-12,delivered
O000405,2023-09-13,C005,P004,10800,1.65,2023-09-22,cancelled
O000406,2023-09-13,C010,P002,9600,1.57,2023-10-11,delivered
O000407,2023-09-13,C014,P001,5000,1.59,2023-09-30,completed
O000408,2023-09-14,C001,P001,23900,1.5,2023-10-04,delivered
O000409,2023-09-14,C004,P002,27200,1.53,2023-10-05,completed
O000410,2023-09-14,C006,P004,10100,1.57,2023-10-05,delivered
O000411,2023-09-14,C006,P001,12300,1.54,2023-10-06,completed
O000412,2023-09-14,C009,P002,12200,1.7,2023-10-12,delivered
O000413,2023-09-15,C018,P001,2300,1.56,2023-09-24,completed
O000414,2023-09-16,C003,P005,23300,2.0,2023-10-07,completed
O000415,2023-09-16,C005,P002,8400,1.68,2023-09-30,completed
O000416,2023-09-16,C007,P004,18200,1.59,2023-10-16,completed
O000417,2023-09-16,C011,P001,7600,1.5,2023-10-09,completed
O000418,2023-09-18,C004,P002,23600,1.58,2023-10-06,pending
O000419,2023-09-19,C010,P004,11800,1.51,2023-10-03,delivered
O000420,2023-09-20,C002,P003,24900,1.58,2023-09-28,delivered
O000421,2023-09-20,C003,P001,23900,1.44,2023-10-19,completed
O000422,2023-09-20,C009,P004,14900,1.55,2023-10-07,delivered
O000423,2023-09-22,C005,P001,7000,1.4,2023-10-18,delivered
O000424,2023-09-23,C008,P005,7300,2.03,2023-10-03,completed
O000425,2023-09-24,C001,P004,43000,1.65,2023-10-15,delivered
O000426,2023-09-24,C004,P002,30300,1.64,2023-10-07,delivered
O000427,2023-09-25,C003,P003,29400,1.76,2023-10-14,delivered
O000428,2023-09-25,C006,P004,13200,1.65,2023-10-06,completed
O000429,2023-09-26,C004,P001,22100,1.42,2023-10-20,delivered
O000430,2023-09-26,C012,P004,4000,1.69,2023-10-20,delivered
O000431,2023-09-27,C002,P004,40300,1.62,2023-10-14,delivered
O000432,2023-09-27,C007,P001,12700,1.47,2023-10-23,pending
O000433,2023-09-27,C013,P004,4200,1.74,2023-10-15,completed
O000434,2023-09-27,C016,P003,1600,1.85,2023-10-23,completed
O000435,2023-09-28,C002,P002,25100,1.71,2023-10-19,delivered
O000436,2023-09-28,C009,P002,9600,1.73,2023-10-08,completed
O000437,2023-09-28,C011,P003,7800,1.74,2023-10-15,delivered
O000438,2023-10-01,C003,P002,29700,1.61,2023-10-21,delivered
O000439,2023-10-01,C014,P002,4700,1.77,2023-10-31,delivered
O000440,2023-10-02,C001,P004,35200,1.51,2023-10-12,completed
O000441,2023-10-03,C001,P004,27700,1.53,2023-10-22,delivered
O000442,2023-10-03,C007,P004,16800,1.69,2023-11-01,completed
O000443,2023-10-03,C016,P002,3800,1.75,2023-10-31,completed
O000444,2023-10-04,C008,P005,7600,2.09,2023-10-24,completed
O000445,2023-10-05,C003,P003,26000,1.73,2023-10-27,delivered
O000446,2023-10-05,C009,P002,11700,1.63,2023-10-22,pending
O000447,2023-10-06,C004,P001,30800,1.52,2023-10-14,completed
O000448,2023-10-06,C011,P002,10500,1.66,2023-10-14,completed
O000449,2023-10-07,C002,P003,29700,1.74,2023-10-22,completed
O000450,2023-10-07,C006,P005,8800,2.07,2023-11-05,pending
O000451,2023-10-08,C004,P001,18400,1.36,2023-10-15,completed
O000452,2023-10-11,C017,P005,3000,2.25,2023-10-23,completed
O000453,2023-10-12,C009,P001,13200,1.5,2023-10-30,completed
O000454,2023-10-12,C010,P002,9100,1.58,2023-11-02,pending
O000455,2023-10-12,C018,P001,4300,1.63,2023-10-22,completed
O000456,2023-10-13,C006,P001,9300,1.44,2023-10-23,completed
O000457,2023-10-14,C001,P004,30300,1.59,2023-11-12,delivered
O000458,2023-10-14,C014,P003,1600,1.86,2023-10-22,delivered
O000459,2023-10-16,C001,P004,32700,1.47,2023-10-31,completed
O000460,2023-10-16,C014,P001,5300,1.64,2023-11-06,completed
O000461,2023-10-17,C003,P005,17900,2.17,2023-11-12,completed
O000462,2023-10-17,C013,P004,2900,1.6,2023-10-24,completed
O000463,2023-10-18,C007,P002,10900,1.59,2023-10-31,delivered
O000464,2023-10-18,C009,P005,5600,2.16,2023-11-07,completed
O000465,2023-10-18,C010,P002,8000,1.72,2023-11-10,completed
O000466,2023-10-19,C004,P002,32100,1.61,2023-10-31,completed
O000467,2023-10-19,C017,P004,3600,1.68,2023-11-10,delivered
O000468,2023-10-20,C002,P003,29300,1.79,2023-11-01,completed
O000469,2023-10-21,C008,P005,4800,2.27,2023-11-07,delivered
O000470,2023-10-21,C018,P004,3300,1.59,2023-11-11,delivered
O000471,2023-10-22,C003,P002,26900,1.71,2023-11-15,delivered
O000472,2023-10-23,C008,P001,13300,1.56,2023-11-19,delivered
O000473,2023-10-23,C010,P003,4700,1.78,2023-11-19,completed
O000474,2023-10-24,C004,P004,32500,1.47,2023-11-05,delivered
O000475,2023-10-24,C007,P001,20800,1.49,2023-11-12,completed
O000476,2023-10-25,C014,P001,2800,1.61,2023-11-19,completed
O000477,2023-10-26,C005,P002,7300,1.77,2023-11-21,completed
O000478,2023-10-26,C011,P003,9500,1.79,2023-11-09,delivered
O000479,2023-10-27,C010,P005,6400,2.1,2023-11-22,pending
O000480,2023-10-28,C001,P004,56200,1.49,2023-11-10,delivered
O000481,2023-10-28,C004,P001,39100,1.47,2023-11-14,completed
O000482,2023-10-28,C009,P004,11300,1.64,2023-11-19,completed
O000483,2023-10-28,C017,P004,2400,1.88,2023-11-18,pending
O000484,2023-10-29,C005,P005,6300,2.16,2023-11-07,completed
O000485,2023-10-29,C007,P004,16800,1.71,2023-11-25,pending
O000486,2023-10-29,C015,P004,3900,1.88,2023-11-25,delivered
O000487,2023-10-29,C018,P003,1400,1.98,2023-11-19,completed
O000488,2023-10-30,C004,P003,17300,1.89,2023-11-13,completed
O000489,2023-10-30,C006,P001,12600,1.57,2023-11-24,pending
O000490,2023-11-01,C003,P002,36800,1.82,2023-11-29,delivered
O000491,2023-11-02,C010,P003,7700,2.02,2023-11-12,completed
O000492,2023-11-03,C002,P001,36700,1.57,2023-12-02,completed
O000493,2023-11-03,C008,P002,9400,1.7,2023-11-28,completed
O000494,2023-11-04,C001,P002,46300,1.71,2023-12-03,cancelled
O000495,2023-11-04,C004,P001,37000,1.62,2023-12-02,completed
O000496,2023-11-04,C009,P002,16500,1.63,2023-11-17,completed
O000497,2023-11-05,C007,P002,11700,1.76,2023-11-27,completed
O000498,2023-11-05,C009,P002,13500,1.73,2023-12-05,completed
O000499,2023-11-06,C002,P004,35900,1.56,2023-11-25,completed
O000500,2023-11-06,C011,P001,10200,1.55,2023-11-22,completed
O000501,2023-11-07,C003,P003,18800,1.82,2023-12-02,completed
O000502,2023-11-07,C015,P002,1800,1.87,2023-11-27,delivered
O000503,2023-11-08,C001,P004,31400,1.63,2023-11-29,completed
O000504,2023-11-10,C001,P004,31400,1.48,2023-11-20,completed
O000505,2023-11-10,C013,P003,2400,1.94,2023-12-08,delivered
O000506,2023-11-10,C018,P001,3100,1.6,2023-12-03,delivered
O000507,2023-11-12,C011,P002,7500,1.73,2023-11-25,delivered
O000508,2023-11-13,C005,P004,10400,1.68,2023-12-05,pending
O000509,2023-11-13,C010,P002,8500,1.8,2023-12-02,completed
O000510,2023-11-14,C002,P005,20100,1.99,2023-11-23,completed
O000511,2023-11-14,C004,P001,28400,1.5,2023-11-27,completed
O000512,2023-11-15,C009,P004,8900,1.54,2023-12-01,delivered
O000513,2023-11-17,C003,P003,20300,1.85,2023-12-07,completed
O000514,2023-11-18,C001,P005,23100,2.18,2023-12-05,delivered
O000515,2023-11-18,C007,P004,20000,1.62,2023-12-17,completed
O000516,2023-11-19,C010,P005,7100,2.09,2023-12-18,completed
O000517,2023-11-20,C011,P002,9800,1.67,2023-11-30,completed
O000518,2023-11-22,C003,P005,16400,2.0,2023-12-19,completed
O000519,2023-11-22,C008,P005,4900,2.19,2023-12-19,completed
O000520,2023-11-23,C002,P004,42800,1.49,2023-12-06,delivered
O000521,2023-11-23,C004,P004,29700,1.55,2023-12-07,delivered
O000522,2023-11-23,C010,P002,10400,1.7,2023-11-30,delivered
O000523,2023-11-25,C002,P001,26700,1.51,2023-12-08,completed
O000524,2023-11-25,C004,P001,28200,1.42,2023-12-13,completed
O000525,2023-11-25,C007,P004,11000,1.54,2023-12-24,pending
O000526,2023-11-25,C017,P004,1600,1.61,2023-12-12,delivered
O000527,2023-11-26,C001,P003,28400,1.76,2023-12-22,pending
O000528,2023-11-26,C009,P002,6800,1.57,2023-12-17,completed
O000529,2023-11-27,C003,P003,22300,1.79,2023-12-16,completed
O000530,2023-11-27,C006,P004,11200,1.68,2023-12-23,completed
O000531,2023-11-27,C006,P001,5500,1.53,2023-12-22,delivered
O000532,2023-11-29,C001,P004,50800,1.51,2023-12-22,completed
O000533,2023-11-29,C002,P001,25100,1.59,2023-12-12,completed
O000534,2023-11-29,C004,P001,31900,1.44,2023-12-14,completed
O000535,2023-11-29,C016,P004,3500,1.7,2023-12-27,completed
O000536,2023-12-02,C007,P004,11800,1.58,2023-12-11,completed
O000537,2023-12-03,C009,P001,12100,1.6,2023-12-16,completed
O000538,2023-12-03,C011,P002,10200,1.7,2023-12-27,delivered
O000539,2023-12-03,C012,P004,3400,1.73,2023-12-28,delivered
O000540,2023-12-04,C008,P002,11400,1.73,2024-01-02,delivered
O000541,2023-12-05,C004,P002,21300,1.71,2023-12-12,completed
O000542,2023-12-05,C005,P002,12100,1.77,2023-12-12,completed
O000543,2023-12-05,C016,P002,3100,1.86,2023-12-20,cancelled
O000544,2023-12-06,C010,P002,11700,1.82,2023-12-17,completed
O000545,2023-12-07,C001,P004,41800,1.57,2023-12-25,delivered
O000546,2023-12-07,C007,P004,10700,1.66,2023-12-14,completed
O000547,2023-12-07,C014,P003,2500,1.93,2024-01-02,completed
O000548,2023-12-07,C017,P001,2700,1.75,2024-01-05,completed
O000549,2023-12-08,C018,P003,2800,2.03,2023-12-17,pending
O000550,2023-12-10,C002,P002,24800,1.65,2023-12-25,delivered
O000551,2023-12-10,C011,P001,9800,1.61,2024-01-04,pending
O000552,2023-12-12,C018,P001,2400,1.7,2023-12-21,completed
O000553,2023-12-13,C003,P003,25000,1.9,2024-01-07,completed
O000554,2023-12-13,C014,P001,2800,1.68,2023-12-23,delivered
O000555,2023-12-14,C005,P002,7700,1.77,2023-12-22,delivered
O000556,2023-12-14,C008,P002,6700,1.86,2023-12-30,completed
O000557,2023-12-14,C010,P003,9700,1.96,2023-12-21,pending
O000558,2023-12-14,C013,P005,1500,2.25,2023-12-30,completed
O000559,2023-12-14,C016,P003,1700,1.98,2024-01-12,delivered
O000560,2023-12-15,C009,P003,6900,1.96,2024-01-10,completed
O000561,2023-12-16,C002,P002,32400,1.71,2023-12-27,completed
O000562,2023-12-16,C015,P002,2400,1.83,2023-12-29,completed
O000563,2023-12-16,C017,P004,3700,1.72,2024-01-12,completed
O000564,2023-12-17,C006,P005,8600,2.28,2024-01-02,completed
O000565,2023-12-17,C012,P001,2200,1.67,2023-12-30,completed
O000566,2023-12-18,C015,P002,2900,1.88,2023-12-30,delivered
O000567,2023-12-19,C001,P003,19500,1.98,2024-01-17,delivered
O000568,2023-12-19,C002,P002,26500,1.82,2024-01-10,delivered
O000569,2023-12-19,C004,P001,21200,1.65,2023-12-30,delivered
O000570,2023-12-19,C005,P005,7700,2.37,2024-01-11,completed
O000571,2023-12-20,C003,P003,25300,1.99,2024-01-07,completed
O000572,2023-12-20,C011,P001,7900,1.62,2024-01-08,completed
O000573,2023-12-21,C007,P005,7600,2.44,2024-01-03,delivered
O000574,2023-12-21,C010,P005,7200,2.15,2023-12-30,delivered
O000575,2023-12-22,C009,P001,10900,1.6,2023-12-29,delivered
O000576,2023-12-24,C001,P004,35500,1.65,2024-01-09,completed
O000577,2023-12-24,C010,P004,8100,1.59,2024-01-09,completed
O000578,2023-12-24,C016,P003,1600,2.13,2024-01-09,completed
O000579,2023-12-27,C003,P005,23500,2.01,2024-01-26,completed
O000580,2023-12-27,C017,P004,2200,1.72,2024-01-09,delivered
O000581,2023-12-28,C004,P001,26300,1.49,2024-01-16,completed
O000582,2023-12-29,C002,P002,31500,1.62,2024-01-15,completed
O000583,2023-12-29,C009,P003,5900,1.93,2024-01-14,completed
O000584,2023-12-30,C011,P005,5900,2.04,2024-01-07,cancelled
O000585,2023-12-30,C018,P001,4100,1.55,2024-01-11,completed
O000586,2023-12-31,C002,P001,36300,1.55,2024-01-16,delivered
O000587,2023-12-31,C003,P004,33800,1.53,2024-01-19,delivered
O000588,2024-01-02,C006,P001,11800,1.55,2024-02-01,completed
O000589,2024-01-03,C011,P004,10100,1.75,2024-01-24,cancelled
O000590,2024-01-04,C016,P005,3300,2.22,2024-01-17,delivered
O000591,2024-01-05,C003,P005,20300,2.05,2024-01-26,cancelled
O000592,2024-01-05,C009,P002,16300,1.79,2024-01-29,completed
O000593,2024-01-05,C013,P002,5100,1.78,2024-01-23,delivered
O000594,2024-01-06,C002,P002,29200,1.78,2024-01-25,completed
O000595,2024-01-06,C004,P001,29400,1.64,2024-02-04,delivered
O000596,2024-01-06,C017,P004,4700,1.66,2024-02-01,delivered
O000597,2024-01-07,C001,P004,32100,1.57,2024-01-19,completed
O000598,2024-01-08,C002,P002,28700,1.64,2024-01-17,completed
O000599,2024-01-08,C008,P005,5100,2.23,2024-01-17,delivered
O000600,2024-01-08,C010,P004,10700,1.64,2024-02-05,pending
O000601,2024-01-09,C001,P004,39700,1.65,2024-01-29,pending
O000602,2024-01-09,C005,P001,7800,1.54,2024-01-25,delivered
O000603,2024-01-10,C005,P001,11000,1.53,2024-01-23,delivered
O000604,2024-01-11,C004,P001,34900,1.44,2024-01-28,completed
O000605,2024-01-12,C013,P001,1600,1.68,2024-01-20,delivered
O000606,2024-01-13,C003,P001,24200,1.54,2024-02-06,completed
O000607,2024-01-14,C005,P001,12400,1.58,2024-02-08,delivered
O000608,2024-01-14,C007,P001,10700,1.65,2024-01-31,delivered
O000609,2024-01-14,C015,P001,2400,1.59,2024-01-23,completed
O000610,2024-01-16,C008,P002,8900,1.73,2024-01-30,completed
O000611,2024-01-19,C002,P004,37600,1.61,2024-01-29,pending
O000612,2024-01-19,C004,P004,41600,1.57,2024-02-04,completed
O000613,2024-01-19,C006,P002,9400,1.79,2024-01-28,completed
O000614,2024-01-20,C001,P005,13300,2.02,2024-01-29,cancelled
O000615,2024-01-20,C010,P002,8300,1.67,2024-02-14,completed
O000616,2024-01-21,C002,P003,30100,1.73,2024-02-07,completed
O000617,2024-01-21,C015,P002,4000,1.75,2024-02-02,delivered
O000618,2024-01-22,C003,P002,18400,1.68,2024-02-01,completed
O000619,2024-01-24,C002,P003,20000,1.79,2024-02-16,completed
O000620,2024-01-24,C010,P005,4300,2.21,2024-02-16,completed
O000621,2024-01-25,C004,P002,21800,1.68,2024-02-10,pending
O000622,2024-01-25,C013,P002,4100,1.74,2024-02-15,completed
O000623,2024-01-26,C003,P003,21000,1.74,2024-02-09,completed
O000624,2024-01-26,C017,P005,2600,2.28,2024-02-14,delivered
O000625,2024-01-27,C001,P002,18700,1.66,2024-02-12,delivered
O000626,2024-01-27,C009,P001,12700,1.58,2024-02-14,pending
O000627,2024-01-28,C002,P004,47700,1.6,2024-02-09,completed
O000628,2024-01-28,C014,P004,4700,1.81,2024-02-27,completed
O000629,2024-01-29,C001,P004,25700,1.68,2024-02-28,completed
O000630,2024-01-29,C007,P004,10300,1.65,2024-02-26,completed
O000631,2024-01-29,C010,P001,8900,1.63,2024-02-07,delivered
O000632,2024-01-30,C001,P004,34200,1.46,2024-02-15,completed
O000633,2024-01-30,C004,P002,36500,1.67,2024-02-07,delivered
O000634,2024-01-31,C011,P002,12800,1.72,2024-02-17,delivered
O000635,2024-01-31,C016,P005,1500,2.45,2024-02-19,completed
O000636,2024-01-31,C018,P004,3600,1.75,2024-02-22,delivered
O000637,2024-02-01,C005,P001,16400,1.6,2024-02-24,completed
O000638,2024-02-01,C009,P002,13800,1.84,2024-02-10,delivered
O000639,2024-02-02,C003,P002,26100,1.7,2024-02-25,completed
O000640,2024-02-05,C004,P001,22800,1.53,2024-03-03,completed
O000641,2024-02-06,C001,P002,23200,1.74,2024-02-22,pending
O000642,2024-02-06,C005,P005,8900,2.05,2024-03-02,completed
O000643,2024-02-07,C002,P001,34400,1.55,2024-03-06,delivered
O000644,2024-02-08,C017,P001,1700,1.51,2024-02-16,delivered
O000645,2024-02-09,C008,P001,13900,1.65,2024-03-06,completed
O000646,2024-02-11,C002,P001,35200,1.58,2024-03-02,delivered
O000647,2024-02-11,C007,P004,8300,1.7,2024-03-10,delivered
O000648,2024-02-13,C003,P001,35700,1.48,2024-03-03,delivered
O000649,2024-02-15,C001,P004,50500,1.6,2024-03-03,delivered
O000650,2024-02-15,C004,P001,26300,1.53,2024-03-02,completed
O000651,2024-02-15,C006,P002,14300,1.63,2024-03-16,pending
O000652,2024-02-15,C008,P005,10000,2.22,2024-02-24,completed
O000653,2024-02-15,C009,P004,11600,1.63,2024-02-26,completed
O000654,2024-02-17,C001,P005,19700,2.06,2024-03-09,completed
O000655,2024-02-17,C005,P002,10800,1.72,2024-03-16,completed
O000656,2024-02-19,C005,P002,14100,1.84,2024-02-26,completed
O000657,2024-02-19,C012,P004,4400,1.93,2024-03-03,completed
O000658,2024-02-20,C009,P001,16300,1.66,2024-03-08,completed
O000659,2024-02-22,C002,P002,29700,1.76,2024-03-23,delivered
O000660,2024-02-22,C008,P003,6400,2.09,2024-03-06,delivered
O000661,2024-02-24,C001,P004,39500,1.7,2024-03-13,completed
O000662,2024-02-24,C004,P003,21000,1.78,2024-03-23,completed
O000663,2024-02-25,C004,P004,24200,1.62,2024-03-14,completed
O000664,2024-02-25,C006,P001,10700,1.72,2024-03-18,completed
O000665,2024-02-28,C002,P001,27000,1.62,2024-03-13,delivered
O000666,2024-02-29,C005,P001,15200,1.6,2024-03-14,completed
O000667,2024-03-01,C002,P004,28900,1.56,2024-03-18,completed
O000668,2024-03-02,C008,P005,9200,2.31,2024-03-30,completed
O000669,2024-03-02,C010,P005,6100,2.3,2024-03-20,pending
O000670,2024-03-02,C012,P003,2700,1.96,2024-04-01,completed
O000671,2024-03-05,C002,P005,23300,2.12,2024-03-15,delivered
O000672,2024-03-05,C015,P002,4400,1.78,2024-03-14,delivered
O000673,2024-03-07,C010,P002,12100,1.8,2024-04-01,completed
O000674,2024-03-08,C001,P004,36300,1.47,2024-04-02,completed
O000675,2024-03-08,C004,P004,37500,1.62,2024-03-28,pending
O000676,2024-03-08,C005,P005,8000,2.34,2024-03-17,completed
O000677,2024-03-08,C006,P001,12000,1.56,2024-04-03,delivered
O000678,2024-03-08,C008,P005,5300,2.23,2024-03-29,completed
O000679,2024-03-09,C007,P002,12600,1.75,2024-03-21,cancelled
O000680,2024-03-09,C009,P002,10700,1.69,2024-04-06,pending
O000681,2024-03-10,C004,P005,17900,2.12,2024-03-23,delivered
O000682,2024-03-11,C001,P004,34400,1.58,2024-03-31,completed
O000683,2024-03-11,C005,P002,6800,1.54,2024-03-29,delivered
O000684,2024-03-11,C007,P004,9300,1.67,2024-04-10,delivered
O000685,2024-03-11,C008,P005,7600,2.16,2024-03-24,completed
O000686,2024-03-12,C002,P001,36400,1.55,2024-03-29,delivered
O000687,2024-03-14,C003,P003,27800,1.76,2024-03-24,completed
O000688,2024-03-14,C014,P001,3300,1.56,2024-04-07,delivered
O000689,2024-03-15,C004,P003,16200,1.78,2024-03-28,delivered
O000690,2024-03-16,C001,P004,23300,1.44,2024-04-12,completed
O000691,2024-03-16,C009,P001,15600,1.48,2024-03-29,delivered
O000692,2024-03-17,C001,P002,34500,1.66,2024-04-08,completed
O000693,2024-03-18,C004,P002,39500,1.69,2024-03-29,delivered
O000694,2024-03-18,C008,P004,14100,1.76,2024-04-04,delivered
O000695,2024-03-18,C012,P004,6200,1.77,2024-03-29,pending
O000696,2024-03-20,C003,P003,22000,1.84,2024-04-18,completed
O000697,2024-03-20,C014,P002,2000,1.78,2024-04-12,completed
O000698,2024-03-21,C002,P004,39700,1.6,2024-04-12,delivered
O000699,2024-03-21,C003,P003,28500,1.88,2024-04-16,completed
O000700,2024-03-21,C005,P003,4800,1.96,2024-04-17,completed
O000701,2024-03-21,C010,P005,6600,2.19,2024-04-06,delivered
O000702,2024-03-22,C009,P002,15000,1.76,2024-03-29,completed
O000703,2024-03-23,C005,P004,14500,1.8,2024-04-09,delivered
O000704,2024-03-23,C007,P002,13500,1.79,2024-04-09,delivered
O000705,2024-03-24,C002,P001,34000,1.51,2024-04-01,delivered
O000706,2024-03-24,C004,P001,34100,1.56,2024-04-10,completed
O000707,2024-03-24,C008,P003,7700,2.08,2024-04-21,cancelled
O000708,2024-03-25,C005,P004,9100,1.81,2024-04-06,completed
O000709,2024-03-26,C001,P002,28700,1.55,2024-04-12,completed
O000710,2024-03-26,C002,P002,34600,1.74,2024-04-20,completed
O000711,2024-03-27,C001,P004,46400,1.65,2024-04-25,delivered
O000712,2024-03-27,C008,P004,11100,1.68,2024-04-25,completed
O000713,2024-03-28,C006,P001,7800,1.64,2024-04-08,completed
O000714,2024-03-28,C010,P003,6800,2.01,2024-04-23,delivered
O000715,2024-03-29,C007,P002,9000,1.73,2024-04-19,completed
O000716,2024-03-29,C014,P004,1500,1.73,2024-04-23,delivered
O000717,2024-03-30,C009,P001,18900,1.56,2024-04-21,completed
O000718,2024-03-31,C007,P004,12300,1.65,2024-04-26,pending
O000719,2024-03-31,C013,P001,3900,1.67,2024-04-24,delivered
O000720,2024-04-01,C008,P003,6900,1.95,2024-04-16,completed
O000721,2024-04-02,C003,P005,13100,2.14,2024-04-20,completed
O000722,2024-04-02,C016,P005,2200,2.17,2024-04-24,completed
O000723,2024-04-03,C002,P004,58900,1.63,2024-04-17,delivered
O000724,2024-04-03,C004,P001,25900,1.57,2024-05-01,pending
O000725,2024-04-04,C003,P003,27700,1.95,2024-04-11,completed
O000726,2024-04-05,C001,P004,28700,1.52,2024-04-16,completed
O000727,2024-04-05,C010,P003,12400,1.94,2024-04-27,completed
O000728,2024-04-07,C001,P004,43900,1.78,2024-04-29,delivered
O000729,2024-04-07,C002,P001,32500,1.53,2024-04-21,completed
O000730,2024-04-07,C004,P002,25200,1.76,2024-05-05,completed
O000731,2024-04-08,C003,P003,24800,2.03,2024-04-30,delivered
O000732,2024-04-09,C001,P005,22300,2.42,2024-05-01,delivered
O000733,2024-04-09,C003,P004,33200,1.75,2024-04-18,completed
O000734,2024-04-09,C017,P001,2800,1.82,2024-05-02,delivered
O000735,2024-04-11,C005,P001,10800,1.68,2024-05-02,completed
O000736,2024-04-12,C006,P001,7600,1.79,2024-04-22,delivered
O000737,2024-04-12,C008,P002,8800,1.96,2024-05-12,delivered
O000738,2024-04-14,C002,P005,24700,2.14,2024-05-06,completed
O000739,2024-04-14,C003,P001,27900,1.59,2024-05-07,delivered
O000740,2024-04-15,C006,P001,8700,1.66,2024-05-10,completed
O000741,2024-04-15,C007,P005,7600,2.18,2024-04-22,delivered
O000742,2024-04-15,C009,P004,13600,1.76,2024-05-02,delivered
O000743,2024-04-16,C015,P004,1900,1.83,2024-05-07,pending
O000744,2024-04-16,C017,P004,2200,1.87,2024-04-24,delivered
O000745,2024-04-17,C010,P005,8300,2.26,2024-05-15,completed
O000746,2024-04-18,C002,P005,19000,2.11,2024-05-05,delivered
O000747,2024-04-19,C003,P003,25200,1.95,2024-05-16,completed
O000748,2024-04-20,C001,P005,25100,2.27,2024-05-19,completed
O000749,2024-04-20,C004,P005,26300,2.19,2024-05-11,delivered
O000750,2024-04-21,C001,P002,19800,1.62,2024-05-20,cancelled
O000751,2024-04-22,C002,P002,32100,1.73,2024-05-18,completed
O000752,2024-04-22,C004,P002,25400,1.66,2024-05-18,delivered
O000753,2024-04-22,C011,P002,11600,1.82,2024-05-16,completed
O000754,2024-04-23,C003,P003,21400,1.97,2024-05-13,delivered
O000755,2024-04-23,C009,P003,11700,2.01,2024-05-04,completed
O000756,2024-04-25,C006,P002,11100,1.84,2024-05-21,delivered
O000757,2024-04-26,C004,P005,19800,2.18,2024-05-18,completed
O000758,2024-04-26,C013,P004,3100,1.65,2024-05-13,completed
O000759,2024-04-27,C005,P004,9600,1.84,2024-05-21,completed
O000760,2024-04-28,C009,P001,18900,1.68,2024-05-21,delivered
O000761,2024-04-29,C003,P002,27000,1.83,2024-05-11,delivered
O000762,2024-04-29,C006,P002,9600,1.76,2024-05-06,cancelled
O000763,2024-04-30,C004,P003,21400,2.1,2024-05-08,completed
O000764,2024-04-30,C005,P001,12800,1.67,2024-05-28,completed
O000765,2024-04-30,C016,P002,2600,1.97,2024-05-29,completed
O000766,2024-05-02,C011,P001,7800,1.76,2024-05-09,completed
O000767,2024-05-02,C012,P004,5400,1.83,2024-05-17,delivered
O000768,2024-05-02,C014,P001,1500,1.8,2024-05-31,delivered
O000769,2024-05-03,C002,P002,39500,1.71,2024-05-30,delivered
O000770,2024-05-03,C015,P004,2800,2.02,2024-05-10,delivered
O000771,2024-05-05,C002,P001,28700,1.7,2024-05-21,completed
O000772,2024-05-06,C002,P003,14700,2.03,2024-05-23,completed
O000773,2024-05-06,C006,P001,14200,1.76,2024-05-14,completed
O000774,2024-05-07,C001,P002,26800,1.78,2024-05-25,completed
O000775,2024-05-07,C007,P004,13000,1.83,2024-05-28,delivered
O000776,2024-05-07,C009,P005,8400,2.36,2024-05-28,completed
O000777,2024-05-08,C003,P003,23200,1.94,2024-05-27,delivered
O000778,2024-05-09,C001,P004,20600,1.73,2024-05-18,delivered
O000779,2024-05-09,C013,P004,4300,2.01,2024-06-04,completed
O000780,2024-05-10,C004,P004,33400,1.79,2024-06-09,completed
O000781,2024-05-10,C015,P004,3900,1.86,2024-06-08,completed
O000782,2024-05-10,C017,P002,2400,1.97,2024-05-30,delivered
O000783,2024-05-10,C018,P004,1600,1.92,2024-05-31,delivered
O000784,2024-05-11,C003,P001,30500,1.63,2024-06-02,completed
O000785,2024-05-12,C007,P001,13100,1.64,2024-05-19,pending
O000786,2024-05-12,C017,P004,2200,1.93,2024-06-04,completed
O000787,2024-05-13,C001,P004,36100,1.67,2024-05-31,completed
O000788,2024-05-13,C004,P001,31900,1.63,2024-06-05,completed
O000789,2024-05-14,C004,P004,32200,1.74,2024-05-25,delivered
O000790,2024-05-15,C006,P003,7000,2.01,2024-06-14,delivered
O000791,2024-05-15,C009,P004,13000,1.8,2024-06-07,delivered
O000792,2024-05-16,C016,P003,1400,2.12,2024-06-01,completed
O000793,2024-05-17,C008,P003,5600,2.05,2024-05-24,delivered
O000794,2024-05-18,C001,P002,23900,1.82,2024-06-13,completed
O000795,2024-05-18,C015,P004,3000,1.77,2024-05-28,completed
O000796,2024-05-19,C005,P004,14300,1.7,2024-06-16,completed
O000797,2024-05-19,C008,P001,7300,1.75,2024-06-04,completed
O000798,2024-05-19,C009,P004,15200,1.82,2024-05-26,delivered
O000799,2024-05-20,C010,P003,4400,2.08,2024-06-10,delivered
O000800,2024-05-20,C015,P001,2900,1.72,2024-05-31,completed
O000801,2024-05-23,C011,P003,7400,1.94,2024-06-16,completed
O000802,2024-05-24,C001,P004,23500,1.83,2024-06-23,completed
O000803,2024-05-24,C002,P004,39300,1.74,2024-06-14,pending
O000804,2024-05-24,C003,P001,26900,1.62,2024-06-21,completed
O000805,2024-05-24,C006,P003,6300,1.91,2024-06-15,delivered
O000806,2024-05-25,C002,P002,30200,1.85,2024-06-17,delivered
O000807,2024-05-25,C004,P003,23900,1.91,2024-06-16,completed
O000808,2024-05-25,C005,P002,8600,1.88,2024-06-05,completed
O000809,2024-05-25,C016,P001,1700,1.7,2024-06-10,completed
O000810,2024-05-26,C006,P001,14200,1.73,2024-06-12,cancelled
O000811,2024-05-27,C001,P004,24400,1.67,2024-06-03,delivered
O000812,2024-05-27,C007,P004,13800,1.78,2024-06-24,completed
O000813,2024-05-27,C018,P001,2100,1.67,2024-06-03,completed
O000814,2024-05-28,C002,P004,24600,1.81,2024-06-19,completed
O000815,2024-05-28,C003,P005,25600,2.3,2024-06-21,delivered
O000816,2024-05-28,C008,P003,6900,2.01,2024-06-06,delivered
O000817,2024-05-30,C009,P004,16700,1.8,2024-06-19,completed
O000818,2024-06-01,C004,P004,22000,1.65,2024-06-14,delivered
O000819,2024-06-01,C013,P001,2500,1.84,2024-06-22,completed
O000820,2024-06-01,C016,P002,2100,1.9,2024-06-18,completed
O000821,2024-06-02,C001,P004,36000,1.65,2024-06-16,completed
O000822,2024-06-02,C008,P002,9500,1.94,2024-06-30,delivered
O000823,2024-06-03,C006,P004,7300,1.86,2024-06-11,completed
O000824,2024-06-03,C010,P003,8000,2.06,2024-06-17,pending
O000825,2024-06-04,C016,P002,3900,1.91,2024-06-28,delivered
O000826,2024-06-05,C003,P005,17000,2.43,2024-06-30,completed
O000827,2024-06-06,C004,P001,22700,1.62,2024-07-05,completed
O000828,2024-06-06,C005,P001,12300,1.76,2024-06-15,completed
O000829,2024-06-07,C002,P003,32200,2.11,2024-06-18,delivered
O000830,2024-06-07,C009,P005,6500,2.45,2024-07-02,completed
O000831,2024-06-08,C002,P001,30000,1.7,2024-06-23,delivered
O000832,2024-06-08,C003,P002,36100,1.78,2024-06-28,pending
O000833,2024-06-08,C009,P005,6700,2.43,2024-07-01,delivered
O000834,2024-06-08,C013,P001,2300,1.93,2024-06-22,completed
O000835,2024-06-08,C015,P001,3700,1.85,2024-06-15,completed
O000836,2024-06-09,C004,P002,30300,1.79,2024-07-04,completed
O000837,2024-06-09,C005,P005,4800,2.4,2024-06-17,completed
O000838,2024-06-09,C006,P001,12000,1.7,2024-07-05,delivered
O000839,2024-06-09,C010,P001,11300,1.69,2024-06-18,completed
O000840,2024-06-10,C015,P002,2800,1.85,2024-07-09,completed
O000841,2024-06-10,C018,P001,4600,1.66,2024-07-02,completed
O000842,2024-06-12,C002,P001,23300,1.6,2024-07-08,delivered
O000843,2024-06-12,C008,P005,9300,2.28,2024-07-07,cancelled
O000844,2024-06-12,C009,P001,8200,1.65,2024-06-22,completed
O000845,2024-06-14,C010,P005,8700,2.14,2024-07-06,completed
O000846,2024-06-15,C001,P004,35100,1.68,2024-07-03,completed
O000847,2024-06-16,C002,P005,27600,2.35,2024-07-14,completed
O000848,2024-06-16,C002,P001,28400,1.71,2024-07-10,pending
O000849,2024-06-16,C003,P005,26800,2.33,2024-07-11,delivered
O000850,2024-06-16,C005,P001,11500,1.84,2024-06-24,completed
O000851,2024-06-17,C007,P004,7400,1.91,2024-07-04,completed
O000852,2024-06-17,C008,P003,7500,2.09,2024-06-26,delivered
O000853,2024-06-17,C010,P002,7600,1.88,2024-06-26,completed
O000854,2024-06-17,C014,P001,2500,1.73,2024-07-12,delivered
O000855,2024-06-19,C001,P002,32600,1.92,2024-07-15,completed
O000856,2024-06-19,C004,P001,32300,1.63,2024-07-11,completed
O000857,2024-06-20,C001,P004,37800,1.72,2024-07-17,delivered
O000858,2024-06-20,C016,P001,3700,1.82,2024-07-04,completed
O000859,2024-06-22,C017,P005,2000,2.46,2024-07-16,pending
O000860,2024-06-23,C003,P003,21000,2.03,2024-07-17,delivered
O000861,2024-06-23,C007,P001,8800,1.79,2024-07-12,delivered
O000862,2024-06-25,C001,P002,23200,1.84,2024-07-12,completed
O000863,2024-06-25,C010,P002,7800,1.97,2024-07-10,completed
O000864,2024-06-28,C002,P002,24200,1.79,2024-07-24,completed
O000865,2024-06-28,C004,P001,32700,1.59,2024-07-16,completed
O000866,2024-06-28,C008,P002,11400,1.91,2024-07-23,completed
O000867,2024-06-28,C009,P004,10200,1.91,2024-07-22,delivered
O000868,2024-06-29,C015,P002,1900,2.0,2024-07-27,delivered
O000869,2024-06-30,C004,P001,27500,1.57,2024-07-16,completed
O000870,2024-07-01,C011,P002,9500,1.87,2024-07-30,completed
O000871,2024-07-02,C004,P001,41800,1.61,2024-07-27,delivered
O000872,2024-07-02,C008,P003,8200,2.12,2024-07-31,completed
O000873,2024-07-03,C011,P004,8900,1.8,2024-07-21,delivered
O000874,2024-07-04,C007,P002,14300,1.93,2024-07-31,completed
O000875,2024-07-04,C014,P005,1900,2.45,2024-07-18,completed
O000876,2024-07-05,C010,P003,8500,2.22,2024-07-21,completed
O000877,2024-07-06,C002,P004,27400,1.82,2024-07-24,delivered
O000878,2024-07-06,C006,P004,15000,1.88,2024-07-28,completed
O000879,2024-07-06,C009,P001,5600,1.77,2024-07-22,delivered
O000880,2024-07-06,C018,P002,2600,2.0,2024-07-31,delivered
O000881,2024-07-07,C001,P004,32300,1.76,2024-07-19,delivered
O000882,2024-07-07,C014,P001,3300,1.84,2024-07-15,completed
O000883,2024-07-08,C007,P004,18700,1.9,2024-08-03,completed
O000884,2024-07-09,C003,P002,32400,1.88,2024-07-18,completed
O000885,2024-07-09,C004,P002,39400,1.78,2024-07-25,completed
O000886,2024-07-10,C002,P002,33500,1.83,2024-08-04,completed
O000887,2024-07-10,C015,P005,1400,2.44,2024-08-08,delivered
O000888,2024-07-10,C016,P005,1900,2.46,2024-07-25,completed
O000889,2024-07-11,C010,P003,8700,2.09,2024-07-28,completed
O000890,2024-07-11,C017,P004,2900,1.88,2024-07-29,completed
O000891,2024-07-13,C005,P005,7200,2.41,2024-08-08,delivered
O000892,2024-07-13,C006,P002,10100,2.02,2024-08-04,completed
O000893,2024-07-13,C008,P005,8100,2.28,2024-08-02,completed
O000894,2024-07-14,C017,P004,1500,1.96,2024-08-04,delivered
O000895,2024-07-15,C014,P001,2200,1.92,2024-07-31,completed
O000896,2024-07-15,C016,P002,3000,2.02,2024-07-31,delivered
O000897,2024-07-16,C004,P002,22800,1.93,2024-08-06,pending
O000898,2024-07-17,C008,P003,6000,2.09,2024-08-09,completed
O000899,2024-07-19,C002,P004,28400,1.59,2024-07-31,cancelled
O000900,2024-07-19,C010,P005,6500,2.32,2024-07-28,completed
O000901,2024-07-20,C005,P004,10500,1.81,2024-07-31,completed
O000902,2024-07-20,C018,P004,3800,2.0,2024-08-19,delivered
O000903,2024-07-21,C013,P005,2500,2.5,2024-08-05,pending
O000904,2024-07-22,C004,P001,32900,1.67,2024-08-09,completed
O000905,2024-07-22,C004,P002,49900,1.77,2024-08-09,delivered
O000906,2024-07-22,C010,P004,10700,1.75,2024-08-11,completed
O000907,2024-07-24,C001,P004,36900,1.73,2024-08-04,completed
O000908,2024-07-24,C012,P004,4800,1.82,2024-08-09,completed
O000909,2024-07-25,C002,P001,30100,1.71,2024-08-09,completed
O000910,2024-07-25,C003,P004,36800,1.62,2024-08-21,completed
O000911,2024-07-26,C008,P005,7100,2.25,2024-08-19,delivered
O000912,2024-07-26,C009,P001,11300,1.76,2024-08-25,completed
O000913,2024-07-27,C002,P005,22500,2.27,2024-08-05,pending
O000914,2024-07-27,C007,P004,14100,1.73,2024-08-15,delivered
O000915,2024-07-27,C011,P002,11400,1.8,2024-08-23,completed
O000916,2024-07-28,C004,P003,29500,1.98,2024-08-15,delivered
O000917,2024-07-29,C011,P003,10900,1.98,2024-08-24,delivered
O000918,2024-07-29,C018,P003,2900,2.13,2024-08-22,completed
O000919,2024-07-30,C002,P002,28900,1.86,2024-08-20,completed
O000920,2024-07-30,C005,P004,11600,1.85,2024-08-22,completed
O000921,2024-07-30,C015,P005,2000,2.36,2024-08-14,completed
O000922,2024-07-31,C004,P002,36500,1.77,2024-08-07,completed
O000923,2024-07-31,C009,P003,8000,2.09,2024-08-29,delivered
O000924,2024-08-01,C003,P002,22000,1.76,2024-08-16,completed
O000925,2024-08-01,C012,P002,3300,2.0,2024-08-23,completed
O000926,2024-08-02,C003,P003,28800,2.03,2024-08-21,completed
O000927,2024-08-02,C008,P001,9900,1.73,2024-08-24,completed
O000928,2024-08-03,C007,P005,8800,2.37,2024-08-22,delivered
O000929,2024-08-03,C016,P001,3400,1.78,2024-08-23,delivered
O000930,2024-08-04,C012,P004,4000,1.8,2024-08-30,delivered
O000931,2024-08-05,C005,P004,12600,1.82,2024-08-21,completed
O000932,2024-08-05,C006,P005,7200,2.36,2024-08-15,completed
O000933,2024-08-06,C017,P001,4300,1.79,2024-08-31,completed
O000934,2024-08-07,C010,P003,7200,1.92,2024-08-25,delivered
O000935,2024-08-09,C001,P002,17700,1.72,2024-09-05,delivered
O000936,2024-08-09,C002,P002,28300,1.74,2024-08-16,delivered
O000937,2024-08-09,C003,P003,25600,2.11,2024-08-21,completed
O000938,2024-08-09,C009,P001,9700,1.77,2024-08-17,completed
O000939,2024-08-10,C003,P005,13600,2.33,2024-08-17,completed
O000940,2024-08-10,C004,P001,33200,1.63,2024-08-20,delivered
O000941,2024-08-11,C003,P003,21200,2.01,2024-08-19,completed
O000942,2024-08-11,C016,P003,1300,2.07,2024-08-29,completed
O000943,2024-08-13,C001,P005,22500,2.35,2024-09-10,completed
O000944,2024-08-14,C004,P005,21000,2.31,2024-08-30,completed
O000945,2024-08-14,C006,P001,10200,1.77,2024-09-03,delivered
O000946,2024-08-14,C007,P004,14100,1.87,2024-09-04,delivered
O000947,2024-08-14,C009,P001,9800,1.69,2024-09-10,completed
O000948,2024-08-15,C004,P001,35800,1.7,2024-08-29,pending
O000949,2024-08-15,C011,P002,14200,1.91,2024-08-31,completed
O000950,2024-08-16,C010,P002,10300,1.88,2024-09-07,delivered
O000951,2024-08-16,C013,P001,1800,1.81,2024-08-29,delivered
O000952,2024-08-17,C003,P001,33700,1.68,2024-08-31,completed
O000953,2024-08-17,C005,P003,9900,2.07,2024-08-31,completed
O000954,2024-08-18,C001,P004,31700,1.78,2024-09-10,delivered
O000955,2024-08-18,C010,P002,11400,1.76,2024-08-25,delivered
O000956,2024-08-20,C004,P001,38300,1.65,2024-09-18,delivered
O000957,2024-08-20,C013,P001,1800,1.75,2024-09-02,completed
O000958,2024-08-22,C003,P005,14300,2.4,2024-09-07,delivered
O000959,2024-08-22,C008,P004,10700,1.7,2024-09-01,completed
O000960,2024-08-23,C001,P004,38900,1.72,2024-09-19,delivered
O000961,2024-08-24,C002,P004,35800,1.71,2024-09-16,completed
O000962,2024-08-25,C002,P002,27800,1.84,2024-09-13,delivered
O000963,2024-08-25,C008,P005,8300,2.56,2024-09-01,completed
O000964,2024-08-25,C018,P002,5000,2.15,2024-09-22,pending
O000965,2024-08-26,C003,P005,20500,2.32,2024-09-21,pending
O000966,2024-08-27,C013,P001,4200,1.84,2024-09-26,completed
O000967,2024-08-29,C004,P001,48800,1.61,2024-09-16,completed
O000968,2024-08-29,C011,P004,10800,1.81,2024-09-11,completed
O000969,2024-08-30,C003,P003,23500,2.06,2024-09-16,delivered
O000970,2024-08-30,C006,P002,9000,1.88,2024-09-13,delivered
O000971,2024-08-30,C007,P005,9900,2.45,2024-09-10,pending
O000972,2024-08-30,C015,P005,2600,2.58,2024-09-23,completed
O000973,2024-08-31,C001,P002,25700,1.68,2024-09-25,delivered
O000974,2024-08-31,C010,P005,5300,2.47,2024-09-22,delivered
O000975,2024-09-01,C001,P004,41500,1.77,2024-09-11,completed
O000976,2024-09-01,C011,P005,8900,2.3,2024-09-14,completed
O000977,2024-09-01,C014,P005,3000,2.54,2024-09-27,completed
O000978,2024-09-02,C003,P003,22100,2.11,2024-09-19,completed
O000979,2024-09-03,C002,P005,22600,2.29,2024-09-18,completed
O000980,2024-09-03,C008,P003,7400,2.1,2024-09-15,completed
O000981,2024-09-04,C004,P001,26300,1.68,2024-09-21,delivered
O000982,2024-09-04,C017,P004,2200,1.78,2024-09-12,completed
O000983,2024-09-05,C009,P004,11500,1.74,2024-09-22,completed
O000984,2024-09-05,C013,P001,2700,1.87,2024-09-29,completed
O000985,2024-09-06,C005,P002,8600,1.94,2024-09-20,delivered
O000986,2024-09-06,C006,P002,7100,1.93,2024-10-04,completed
O000987,2024-09-08,C003,P004,31500,1.77,2024-09-29,completed
O000988,2024-09-08,C004,P001,25600,1.69,2024-09-27,completed
O000989,2024-09-09,C017,P002,2200,1.81,2024-09-28,completed
O000990,2024-09-10,C009,P004,10800,1.67,2024-10-01,delivered
O000991,2024-09-10,C010,P004,14600,1.74,2024-09-29,delivered
O000992,2024-09-10,C014,P002,1600,2.01,2024-10-10,completed
O000993,2024-09-11,C002,P004,26400,1.76,2024-10-02,delivered
O000994,2024-09-11,C005,P004,13500,1.64,2024-09-29,delivered
O000995,2024-09-12,C006,P001,8100,1.64,2024-09-19,delivered
O000996,2024-09-12,C011,P004,11400,1.71,2024-09-30,completed
O000997,2024-09-14,C001,P004,40300,1.81,2024-10-04,delivered
O000998,2024-09-14,C002,P002,38000,1.74,2024-10-11,delivered
O000999,2024-09-15,C004,P002,32500,1.77,2024-09-25,completed
O001000,2024-09-16,C001,P001,29000,1.58,2024-10-02,completed
O001001,2024-09-17,C008,P002,10600,1.79,2024-10-17,delivered
O001002,2024-09-17,C015,P001,2100,1.77,2024-10-14,completed
O001003,2024-09-18,C004,P003,23500,1.92,2024-09-26,delivered
O001004,2024-09-19,C002,P001,27500,1.64,2024-09-26,completed
O001005,2024-09-20,C003,P005,22500,2.21,2024-09-30,delivered
O001006,2024-09-20,C009,P001,10000,1.63,2024-10-20,completed
O001007,2024-09-21,C006,P004,10400,1.72,2024-09-29,delivered
O001008,2024-09-22,C009,P005,8500,2.4,2024-10-22,completed
O001009,2024-09-23,C001,P004,46000,1.62,2024-10-07,completed
O001010,2024-09-23,C003,P003,27200,1.98,2024-09-30,delivered
O001011,2024-09-23,C007,P001,11900,1.78,2024-10-12,completed
O001012,2024-09-24,C005,P004,9400,1.81,2024-10-20,delivered
O001013,2024-09-25,C006,P002,12500,1.93,2024-10-22,delivered
O001014,2024-09-25,C006,P004,11600,1.88,2024-10-06,pending
O001015,2024-09-26,C002,P002,25900,1.76,2024-10-17,completed
O001016,2024-09-26,C017,P001,4300,1.85,2024-10-13,delivered
O001017,2024-09-27,C001,P004,49100,1.7,2024-10-24,completed
O001018,2024-09-28,C004,P001,37500,1.62,2024-10-16,delivered
O001019,2024-09-29,C003,P003,26600,1.94,2024-10-26,completed
O001020,2024-09-29,C004,P003,27800,1.89,2024-10-10,completed
O001021,2024-09-29,C007,P004,18600,1.8,2024-10-12,cancelled
O001022,2024-09-29,C011,P001,9800,1.7,2024-10-14,delivered
O001023,2024-09-30,C002,P003,18200,2.01,2024-10-20,delivered
O001024,2024-09-30,C005,P002,8600,1.79,2024-10-26,delivered
O001025,2024-10-02,C001,P002,48400,1.83,2024-10-28,completed
O001026,2024-10-02,C008,P003,7600,1.99,2024-10-18,completed
O001027,2024-10-02,C009,P002,13800,1.97,2024-10-31,completed
O001028,2024-10-04,C006,P004,15700,1.59,2024-10-23,completed
O001029,2024-10-05,C016,P002,3800,1.89,2024-10-17,delivered
O001030,2024-10-06,C003,P003,24200,1.8,2024-10-26,cancelled
O001031,2024-10-06,C018,P004,4100,1.96,2024-10-27,completed
O001032,2024-10-07,C010,P003,8000,2.15,2024-10-21,pending
O001033,2024-10-08,C002,P004,29900,1.74,2024-10-26,completed
O001034,2024-10-08,C003,P004,31200,1.73,2024-11-03,delivered
O001035,2024-10-08,C007,P004,18500,1.82,2024-10-21,delivered
O001036,2024-10-08,C016,P003,3500,2.19,2024-10-28,completed
O001037,2024-10-09,C015,P001,5000,1.8,2024-10-31,completed
O001038,2024-10-11,C001,P004,68000,1.69,2024-11-07,completed
O001039,2024-10-12,C004,P002,24900,1.73,2024-10-27,pending
O001040,2024-10-12,C009,P002,11700,1.89,2024-10-21,completed
O001041,2024-10-12,C014,P001,4600,1.82,2024-10-29,completed
O001042,2024-10-13,C005,P004,10100,1.84,2024-11-08,cancelled
O001043,2024-10-13,C006,P002,7400,1.87,2024-11-11,cancelled
O001044,2024-10-13,C012,P001,3600,1.71,2024-10-21,completed
O001045,2024-10-14,C001,P004,36700,1.76,2024-11-09,completed
O001046,2024-10-14,C004,P004,25900,1.7,2024-10-26,completed
O001047,2024-10-14,C005,P004,11100,1.8,2024-10-30,completed
O001048,2024-10-15,C002,P002,28800,1.83,2024-10-22,completed
O001049,2024-10-18,C003,P003,19200,2.0,2024-10-30,delivered
O001050,2024-10-18,C009,P001,11500,1.79,2024-11-10,completed
O001051,2024-10-19,C010,P003,8100,2.05,2024-11-05,completed
O001052,2024-10-20,C004,P002,37000,1.89,2024-11-12,delivered
O001053,2024-10-20,C010,P003,6200,2.15,2024-11-11,delivered
O001054,2024-10-21,C006,P004,10000,1.89,2024-11-12,delivered
O001055,2024-10-23,C009,P002,12300,1.98,2024-11-01,delivered
O001056,2024-10-23,C015,P002,2100,2.07,2024-11-04,completed
O001057,2024-10-23,C016,P005,1900,2.44,2024-11-02,completed
O001058,2024-10-25,C001,P004,54900,1.91,2024-11-23,completed
O001059,2024-10-25,C003,P003,22200,1.96,2024-11-12,delivered
O001060,2024-10-25,C005,P005,9000,2.52,2024-11-24,delivered
O001061,2024-10-25,C007,P003,7200,2.0,2024-11-02,completed
O001062,2024-10-25,C017,P004,4300,1.99,2024-11-05,delivered
O001063,2024-10-26,C002,P005,23900,2.43,2024-11-17,delivered
O001064,2024-10-26,C003,P003,19300,2.08,2024-11-21,delivered
O001065,2024-10-26,C013,P002,1900,2.05,2024-11-22,completed
O001066,2024-10-28,C005,P004,10100,1.77,2024-11-27,completed
O001067,2024-10-28,C015,P001,4400,1.78,2024-11-05,completed
O001068,2024-10-30,C004,P001,37000,1.67,2024-11-29,delivered
O001069,2024-10-31,C006,P001,7000,1.84,2024-11-27,completed
O001070,2024-10-31,C009,P005,8300,2.42,2024-11-26,completed
O001071,2024-11-01,C001,P004,37900,1.7,2024-11-08,delivered
O001072,2024-11-02,C014,P005,2300,2.44,2024-11-22,completed
O001073,2024-11-03,C002,P003,17100,1.95,2024-11-16,completed
O001074,2024-11-03,C010,P002,8500,1.9,2024-11-19,completed
O001075,2024-11-03,C011,P004,14200,1.79,2024-11-21,delivered
O001076,2024-11-06,C004,P001,30500,1.64,2024-11-20,cancelled
O001077,2024-11-06,C007,P002,7900,1.71,2024-11-20,completed
O001078,2024-11-08,C001,P002,32700,1.86,2024-11-19,delivered
O001079,2024-11-08,C008,P003,7100,2.08,2024-11-29,completed
O001080,2024-11-10,C002,P004,24000,1.81,2024-11-22,completed
O001081,2024-11-10,C017,P002,4100,1.85,2024-12-08,delivered
O001082,2024-11-11,C009,P005,5800,2.31,2024-12-09,delivered
O001083,2024-11-12,C001,P004,40200,1.73,2024-12-08,completed
O001084,2024-11-12,C011,P004,11000,1.77,2024-11-30,completed
O001085,2024-11-12,C015,P001,2500,1.82,2024-11-24,delivered
O001086,2024-11-13,C005,P004,14000,1.96,2024-11-30,completed
O001087,2024-11-13,C014,P001,3300,1.85,2024-12-02,completed
O001088,2024-11-14,C001,P004,37400,1.8,2024-12-02,completed
O001089,2024-11-14,C004,P002,34500,1.83,2024-11-24,completed
O001090,2024-11-15,C002,P004,38400,1.84,2024-11-27,completed
O001091,2024-11-15,C010,P003,7100,2.07,2024-12-06,completed
O001092,2024-11-15,C011,P004,13600,1.83,2024-11-22,delivered
O001093,2024-11-15,C013,P001,4100,1.75,2024-12-14,completed
O001094,2024-11-16,C007,P004,21600,1.75,2024-11-24,delivered
O001095,2024-11-18,C003,P002,23000,1.89,2024-12-09,delivered
O001096,2024-11-18,C008,P003,5100,2.08,2024-12-05,completed
O001097,2024-11-19,C001,P001,43300,1.79,2024-12-09,delivered
O001098,2024-11-19,C013,P005,2000,2.71,2024-11-27,cancelled
O001099,2024-11-20,C004,P002,29800,1.89,2024-12-09,completed
O001100,2024-11-21,C006,P001,12200,1.78,2024-12-10,pending
O001101,2024-11-21,C007,P004,13900,1.89,2024-12-01,completed
O001102,2024-11-21,C010,P003,8900,2.12,2024-12-10,completed
O001103,2024-11-22,C010,P003,5300,2.19,2024-12-02,pending
O001104,2024-11-23,C014,P002,4800,1.96,2024-12-04,delivered
O001105,2024-11-24,C004,P002,27700,1.76,2024-12-15,completed
O001106,2024-11-24,C006,P004,12400,1.89,2024-12-07,completed
O001107,2024-11-25,C003,P004,23900,1.92,2024-12-13,completed
O001108,2024-11-25,C007,P004,13900,1.71,2024-12-11,pending
O001109,2024-11-27,C004,P004,32300,1.85,2024-12-23,delivered
O001110,2024-11-27,C014,P004,1700,1.97,2024-12-24,delivered
O001111,2024-11-28,C001,P002,23900,1.93,2024-12-28,completed
O001112,2024-11-28,C002,P004,30400,1.86,2024-12-17,delivered
O001113,2024-11-28,C010,P003,9600,1.94,2024-12-26,cancelled
O001114,2024-11-30,C003,P005,21600,2.4,2024-12-28,pending
O001115,2024-11-30,C008,P003,6200,2.13,2024-12-08,delivered
O001116,2024-11-30,C017,P004,2700,1.92,2024-12-13,delivered
O001117,2024-11-30,C018,P003,3900,2.26,2024-12-13,completed
O001118,2024-12-01,C003,P004,28700,1.74,2024-12-16,completed
O001119,2024-12-01,C006,P002,9700,1.87,2024-12-24,delivered
O001120,2024-12-02,C009,P004,14100,1.74,2024-12-28,delivered
O001121,2024-12-03,C001,P001,31600,1.58,2024-12-27,delivered
O001122,2024-12-03,C017,P004,3200,1.99,2024-12-31,completed
O001123,2024-12-04,C002,P001,28800,1.59,2025-01-03,completed
O001124,2024-12-05,C008,P003,7000,2.17,2024-12-25,delivered
O001125,2024-12-06,C007,P004,9800,1.94,2024-12-22,pending
O001126,2024-12-07,C001,P004,36600,1.73,2024-12-21,delivered
O001127,2024-12-07,C003,P003,18600,2.08,2024-12-26,completed
O001128,2024-12-10,C002,P001,26000,1.65,2024-12-30,cancelled
O001129,2024-12-10,C014,P001,5000,1.82,2024-12-24,delivered
O001130,2024-12-10,C016,P004,3700,1.93,2024-12-25,delivered
O001131,2024-12-11,C005,P004,16900,1.84,2025-01-05,completed
O001132,2024-12-11,C006,P004,12000,1.78,2025-01-04,completed
O001133,2024-12-11,C015,P004,4100,1.94,2025-01-04,completed
O001134,2024-12-12,C004,P001,39900,1.86,2024-12-20,completed
O001135,2024-12-13,C010,P005,9200,2.53,2024-12-29,completed
O001136,2024-12-13,C018,P003,2600,2.08,2025-01-11,completed
O001137,2024-12-15,C005,P001,13400,1.76,2024-12-29,completed
O001138,2024-12-17,C008,P003,6800,2.09,2025-01-13,delivered
O001139,2024-12-18,C002,P001,24700,1.76,2025-01-11,delivered
O001140,2024-12-18,C007,P004,11800,1.93,2024-12-27,completed
O001141,2024-12-19,C004,P002,35100,1.88,2025-01-03,delivered
O001142,2024-12-20,C001,P004,35000,1.83,2025-01-01,pending
O001143,2024-12-21,C010,P005,9600,2.56,2025-01-11,completed
O001144,2024-12-22,C001,P004,22200,1.83,2025-01-17,delivered
O001145,2024-12-22,C004,P005,23900,2.59,2025-01-07,delivered
O001146,2024-12-22,C010,P003,4400,2.29,2025-01-09,cancelled
O001147,2024-12-23,C012,P002,4900,2.1,2025-01-18,completed
O001148,2024-12-24,C002,P001,35000,1.74,2025-01-19,delivered
O001149,2024-12-26,C003,P005,13500,2.42,2025-01-12,delivered
O001150,2024-12-26,C009,P003,11400,2.34,2025-01-12,completed
O001151,2024-12-27,C005,P001,14900,1.85,2025-01-05,delivered
O001152,2024-12-27,C010,P005,5500,2.52,2025-01-06,delivered
O001153,2024-12-29,C001,P004,33700,1.75,2025-01-05,completed
O001154,2024-12-29,C003,P003,24100,2.1,2025-01-14,delivered
O001155,2024-12-29,C009,P005,10600,2.5,2025-01-18,completed
O001156,2024-12-29,C011,P005,9500,2.45,2025-01-28,delivered
O001157,2024-12-30,C002,P002,22000,1.88,2025-01-20,completed
O001158,2024-12-30,C010,P003,5900,2.15,2025-01-21,delivered
O001159,2024-12-31,C001,P005,22400,2.3,2025-01-25,delivered
O001160,2024-12-31,C004,P003,21900,2.09,2025-01-10,delivered
O001161,2024-12-31,C005,P001,9900,1.86,2025-01-19,delivered
O001162,2024-12-31,C006,P004,13800,1.85,2025-01-11,completed
O001163,2024-12-31,C007,P005,6900,2.54,2025-01-17,pending
O001164,2024-12-31,C007,P002,6900,1.88,2025-01-20,completed
O001165,2024-12-31,C008,P005,6500,2.38,2025-01-11,completed
O001166,2024-12-31,C014,P005,2100,2.63,2025-01-12,completed
O001167,2024-12-31,C015,P003,1800,2.32,2025-01-28,completed
O001168,2024-12-31,C018,P003,1800,2.29,2025-01-28,completed
